"_time","metric_name:buttercup.website.dailyUnique","metric_name:buttercup.website.reachedTarget1","metric_name:buttercup.website.reachedTarget2","RandomString"
"1589991861","805089","97","14976","eget"
"1589991195","372089","49","30993","enim"
"1589991172","355470","36","37677","felis"
"1589991172","411362","20","12000","ligula"
"1589990954","708356","80","48336","justo"
"1589991856","274975","80","47525","amet"
"1589991470","191979","7","39311","odio"
"1589991464","665800","31","37602","erat"
"1589991635","866409","11","19411","suscipit"
"1589991397","318514","3","22167","velit"
"1589991675","384924","37","56505","nulla"
"1589991493","845787","92","47249","eget"
"1589991429","163840","27","33755","nibh"
"1589991749","270236","56","18108","interdum"
"1589991571","987383","8","10437","at"
"1589991514","867701","80","36029","iaculis"
"1589991440","127523","76","39761","ipsum"
"1589991849","381842","83","18181","pede"
"1589991281","288492","46","25250","amet"
"1589991657","316232","85","57138","ac"
"1589991712","928543","28","56430","posuere"
"1589991561","489375","21","51300","vestibulum"
"1589991107","188530","6","57197","sed"
"1589991535","282315","83","40234","sed"
"1589991404","750663","44","31059","purus"
"1589991403","601789","76","15828","ultrices"
"1589991568","130169","79","47550","quisque"
"1589991365","682641","36","55443","duis"
"1589991171","830931","34","59582","eget"
"1589991265","403884","86","16865","quis"
"1589991022","153530","61","57604","quam"
"1589991102","547786","15","28542","dictumst"
"1589991661","423176","49","57985","ut"
"1589991816","128812","59","54193","nisi"
"1589991505","631207","16","17869","tortor"
"1589991740","775694","86","40922","massa"
"1589991735","874779","33","36642","vulputate"
"1589991410","789684","12","44701","leo"
"1589991522","138405","39","53918","dis"
"1589991242","457750","36","18322","magnis"
"1589991175","453686","28","49845","lectus"
"1589991835","528928","46","17259","enim"
"1589991179","181790","43","25585","porttitor"
"1589990996","176898","82","13793","semper"
"1589991222","798240","26","28545","nec"
"1589991792","395333","81","34059","eget"
"1589991359","970331","96","56435","sed"
"1589991706","778769","54","32415","primis"
"1589991216","750161","78","50914","ridiculus"
"1589991079","151702","24","25438","interdum"
"1589991700","535316","29","41990","velit"
"1589991664","568519","51","34746","posuere"
"1589991269","669644","76","37144","rutrum"
"1589991161","656157","91","52563","quisque"
"1589991500","585016","52","10524","cras"
"1589991592","100422","5","10824","id"
"1589991534","241077","98","58331","eros"
"1589991671","388546","78","48755","varius"
"1589991119","682140","95","49313","habitasse"
"1589991026","268615","43","43519","quisque"
"1589991682","834210","79","36147","ipsum"
"1589990917","872924","18","23823","eget"
"1589991198","240784","70","51289","aliquet"
"1589991129","624788","94","21026","consectetuer"
"1589991231","709718","67","43095","leo"
"1589991075","629406","33","54369","sed"
"1589991597","690762","77","15022","turpis"
"1589990993","817566","67","33386","interdum"
"1589991771","400557","22","15988","leo"
"1589991815","819543","93","38595","cubilia"
"1589991335","381638","12","18933","ipsum"
"1589990972","660151","78","20409","libero"
"1589991855","591451","43","49016","curae"
"1589991347","701432","19","23611","felis"
"1589991052","891065","43","48988","adipiscing"
"1589991334","442915","9","27186","ligula"
"1589991559","409070","14","27212","pede"
"1589991096","701419","86","51678","viverra"
"1589991525","931006","72","21288","augue"
"1589991319","562415","18","10099","nonummy"
"1589990925","125841","35","27964","nulla"
"1589991794","169020","65","18529","erat"
"1589991349","137489","27","32860","sem"
"1589991549","754479","77","35973","fusce"
"1589991542","186366","8","57513","accumsan"
"1589991303","747380","18","35918","ornare"
"1589991026","508168","17","24550","amet"
"1589991299","841909","42","56179","integer"
"1589991561","314035","80","19453","suscipit"
"1589991587","890769","54","20892","sapien"
"1589991114","182160","46","38110","arcu"
"1589991725","465188","59","41484","vitae"
"1589991459","550603","80","44676","id"
"1589991423","654724","99","34448","porttitor"
"1589991018","466971","64","57881","mauris"
"1589991643","349824","60","20828","in"
"1589991067","410761","83","16703","dapibus"
"1589991803","450906","26","44951","eleifend"
"1589991028","410833","42","22995","at"
"1589991573","227517","81","23509","id"
"1589991539","222312","52","29757","sapien"
"1589991164","381250","34","40172","eget"
"1589991511","532233","80","20185","nibh"
"1589991244","306312","68","18832","pede"
"1589991348","197461","83","31241","vestibulum"
"1589991221","239083","100","39354","curabitur"
"1589991604","507466","25","28252","neque"
"1589991784","309178","86","25388","lectus"
"1589991823","144236","55","12306","arcu"
"1589991460","933212","1","43824","donec"
"1589991885","401848","85","14041","vivamus"
"1589991306","857952","99","34144","magnis"
"1589991031","572161","27","12945","dolor"
"1589991223","600644","49","55278","arcu"
"1589991097","842929","19","43947","pede"
"1589991259","152897","73","18678","nulla"
"1589991495","635375","80","35620","pellentesque"
"1589991620","737039","45","12950","ut"
"1589991425","826123","55","49668","tristique"
"1589991110","857483","35","56776","consequat"
"1589991603","876817","96","22196","primis"
"1589991505","816065","3","52055","etiam"
"1589991465","427293","21","24490","leo"
"1589991052","393260","98","16424","nisi"
"1589991192","152134","95","18964","neque"
"1589991063","152369","19","48260","primis"
"1589991482","761742","17","52912","eget"
"1589991891","436630","14","49277","sociis"
"1589991766","295006","32","10279","id"
"1589991864","528868","75","28081","nisi"
"1589991510","217045","49","48688","porta"
"1589991657","782504","20","46246","sed"
"1589991551","682344","59","24948","erat"
"1589991840","499227","68","12417","sit"
"1589991582","167974","54","58425","non"
"1589991738","827177","36","26408","libero"
"1589991521","531086","6","17103","fusce"
"1589991882","552900","51","21891","habitasse"
"1589990964","703435","36","11326","turpis"
"1589991835","649540","26","22574","at"
"1589991431","333148","45","16204","ligula"
"1589991550","910189","42","51935","morbi"
"1589990967","383941","49","31738","libero"
"1589991584","146057","62","44101","lacus"
"1589991448","449035","12","26054","ac"
"1589991810","621167","47","26117","turpis"
"1589991714","102566","68","30792","nulla"
"1589991602","910224","60","39510","pede"
"1589991570","393029","61","52182","eleifend"
"1589991450","351328","12","55870","nullam"
"1589991289","586990","56","24502","in"
"1589991743","342231","35","36355","dictumst"
"1589991635","447080","34","50956","tellus"
"1589991704","619575","45","18431","erat"
"1589990986","954564","6","55290","nulla"
"1589991267","772530","64","19392","rhoncus"
"1589991176","624810","76","55182","augue"
"1589991035","803612","36","48523","sit"
"1589991477","950860","73","38193","mattis"
"1589991108","712284","98","51664","convallis"
"1589991351","843776","96","56841","blandit"
"1589991612","922238","11","49373","in"
"1589991682","211790","30","18570","vestibulum"
"1589991074","976360","22","28366","vestibulum"
"1589991342","667124","47","28297","volutpat"
"1589991070","176841","11","46781","aliquam"
"1589990980","677357","41","49199","at"
"1589991611","627635","28","12647","accumsan"
"1589991667","694810","86","33127","vel"
"1589991616","845685","47","53886","convallis"
"1589991579","764044","78","41164","morbi"
"1589990934","281504","97","41969","fusce"
"1589991215","277968","41","26269","nibh"
"1589991565","524123","92","57954","dui"
"1589991028","677001","5","39043","lectus"
"1589991197","169029","7","47413","pellentesque"
"1589990987","956080","48","54369","neque"
"1589991300","944552","10","43221","est"
"1589991308","286204","31","17093","at"
"1589991622","670182","51","54472","vivamus"
"1589991866","457959","54","42902","quam"
"1589991160","811469","100","34496","facilisi"
"1589991208","269430","76","22754","etiam"
"1589991900","713489","14","45059","ante"
"1589991237","817476","83","31394","molestie"
"1589991504","582070","28","18660","turpis"
"1589991171","137197","85","52925","nulla"
"1589990949","114924","44","55740","aliquet"
"1589991026","891031","49","55520","est"
"1589991883","998722","93","31117","ultrices"
"1589991896","951738","60","50770","odio"
"1589991527","287550","61","10470","platea"
"1589991367","502739","27","58067","ut"
"1589991551","823562","32","42635","donec"
"1589991524","999380","11","39119","arcu"
"1589991127","644175","77","28751","dolor"
"1589991786","529997","30","37777","pharetra"
"1589991446","109492","55","21173","mattis"
"1589991884","788881","24","57602","tristique"
"1589991429","974678","82","51707","eget"
"1589991547","530853","92","24348","ut"
"1589991040","920311","88","50473","ac"
"1589991756","907728","71","58179","consectetuer"
"1589991735","452030","38","34545","velit"
"1589991086","750522","24","16578","mauris"
"1589991087","840271","46","15329","ut"
"1589991069","778957","23","18845","dolor"
"1589991413","506494","81","22440","tincidunt"
"1589991833","394916","97","30731","vivamus"
"1589990919","457395","95","43671","non"
"1589990963","698996","36","56695","magna"
"1589991706","510238","24","55684","vivamus"
"1589991221","724913","48","31296","ante"
"1589991423","642013","15","33143","eget"
"1589991346","210572","32","30757","sed"
"1589990932","370374","88","41679","praesent"
"1589991357","907337","88","43828","lorem"
"1589990997","398734","51","34799","velit"
"1589991119","944007","73","49373","metus"
"1589991783","237672","81","53606","ligula"
"1589991522","194838","15","59671","magna"
"1589990983","316848","41","47631","in"
"1589991867","359287","22","35096","tristique"
"1589991848","280493","14","54727","sapien"
"1589991895","841901","80","54494","duis"
"1589991740","338243","58","34525","massa"
"1589990900","258939","48","42044","augue"
"1589991805","890083","7","12496","justo"
"1589991421","309197","46","12079","sit"
"1589991284","886546","65","19273","eu"
"1589991683","766110","20","11918","ante"
"1589991358","791715","19","18107","ante"
"1589991191","991569","74","19249","eget"
"1589991278","188303","2","40510","metus"
"1589991862","958504","25","24064","et"
"1589991341","780574","36","11127","magna"
"1589991138","581504","64","42838","lacus"
"1589991314","925462","17","29636","est"
"1589991225","828093","73","21167","mauris"
"1589991040","584533","40","12016","tellus"
"1589991590","347360","91","22396","et"
"1589991578","301786","83","47962","quis"
"1589991613","582564","79","40932","justo"
"1589991388","452956","21","26537","mauris"
"1589991743","996346","67","27182","nunc"
"1589991150","808393","31","42158","eget"
"1589991886","582440","39","59477","mauris"
"1589991495","477207","99","32543","pretium"
"1589991115","439116","12","45949","quam"
"1589991336","147240","6","29397","magna"
"1589990939","573767","4","53996","massa"
"1589991152","315227","36","27167","consequat"
"1589990915","261475","44","41377","nunc"
"1589991784","173285","23","24733","odio"
"1589991170","544408","64","19334","lacus"
"1589991107","616399","36","27663","ultricies"
"1589991686","184331","43","13363","feugiat"
"1589990943","518928","91","49413","aliquam"
"1589991246","379954","45","54525","vehicula"
"1589991237","870495","46","23864","volutpat"
"1589990961","663996","95","22055","amet"
"1589991610","279180","14","34635","nulla"
"1589991523","454636","94","46003","varius"
"1589991566","232872","32","17459","eu"
"1589990934","138669","72","17212","nunc"
"1589991305","183272","69","16961","est"
"1589991351","660155","77","24519","sagittis"
"1589991300","103945","77","16161","aliquet"
"1589991806","976467","27","52570","adipiscing"
"1589991052","229096","83","38282","dui"
"1589991239","362650","53","14463","eu"
"1589990920","905750","42","34734","consectetuer"
"1589991405","205809","17","10561","ultrices"
"1589991391","879743","50","52684","et"
"1589991218","855772","68","16811","tincidunt"
"1589991521","454795","33","27126","porttitor"
"1589991209","862701","93","17472","nascetur"
"1589991717","967108","81","30802","dui"
"1589991647","896400","90","46382","non"
"1589991546","529819","67","22195","ullamcorper"
"1589991278","463335","21","30479","odio"
"1589991811","191875","90","57653","posuere"
"1589991433","937568","83","55027","cubilia"
"1589991679","560838","71","33259","turpis"
"1589991718","104048","75","22454","lobortis"
"1589991469","650912","39","23063","pede"
"1589991206","350359","48","46941","massa"
"1589991060","354093","16","13155","turpis"
"1589991265","313987","51","54844","nulla"
"1589991251","506516","4","12670","vestibulum"
"1589991765","482940","40","41849","magna"
"1589991534","881182","34","33740","curabitur"
"1589991069","204000","8","14963","vitae"
"1589991284","907167","5","45011","venenatis"
"1589991180","560132","90","38878","rhoncus"
"1589991373","426952","97","47726","massa"
"1589991180","410898","30","14214","consequat"
"1589991360","939322","100","58623","vestibulum"
"1589991695","848642","70","27174","semper"
"1589991888","463722","23","40411","amet"
"1589991741","784635","41","10577","sagittis"
"1589991303","370665","76","15238","nam"
"1589991622","954211","66","59503","purus"
"1589991770","999316","30","38466","nulla"
"1589991869","124986","5","17398","augue"
"1589991091","678726","22","28194","maecenas"
"1589991271","348428","66","20965","ligula"
"1589991489","783510","87","43621","praesent"
"1589991825","579622","91","27357","justo"
"1589990994","322390","92","47714","cras"
"1589991248","101091","24","53554","morbi"
"1589991491","855673","41","35136","aliquam"
"1589991641","264799","99","22213","ac"
"1589991118","152561","66","33834","vulputate"
"1589991560","151617","97","52523","sapien"
"1589991342","270887","45","30026","gravida"
"1589991264","782581","89","27313","pulvinar"
"1589991874","884230","26","44246","semper"
"1589991142","861985","11","16390","est"
"1589991119","556825","86","50565","magna"
"1589991738","961163","59","20216","donec"
"1589991851","686769","59","59168","est"
"1589991247","788746","66","44299","id"
"1589991091","969697","67","13469","erat"
"1589991207","767179","8","13709","sit"
"1589991390","960618","11","16554","etiam"
"1589991418","423524","63","14189","blandit"
"1589991846","258319","72","55240","blandit"
"1589991437","601066","83","54237","nec"
"1589991342","656069","61","58489","in"
"1589991549","937972","64","25261","sed"
"1589991007","977853","44","55877","volutpat"
"1589991780","744681","3","53708","eleifend"
"1589991580","127795","15","12555","nulla"
"1589991415","263726","18","38261","cum"
"1589990940","271222","54","23879","vestibulum"
"1589991433","919341","46","44526","in"
"1589991065","624480","54","54488","suspendisse"
"1589991321","165487","85","29124","felis"
"1589990944","186900","34","49360","eu"
"1589991239","703133","29","51601","malesuada"
"1589991714","412546","63","33486","pede"
"1589991084","284722","78","45164","in"
"1589991373","997205","1","19666","parturient"
"1589991550","350615","99","50820","quisque"
"1589991869","951087","55","23299","pellentesque"
"1589991214","168502","40","46634","purus"
"1589991319","355952","66","10577","nulla"
"1589991048","100230","83","18242","nunc"
"1589991407","301501","57","10869","quis"
"1589991841","210384","30","54907","metus"
"1589991720","452780","9","53836","et"
"1589991498","523734","89","47304","platea"
"1589991011","502594","7","19216","cum"
"1589991804","102174","77","16182","interdum"
"1589991358","743604","35","11766","convallis"
"1589991563","861084","66","57671","non"
"1589991270","999497","3","55387","lacus"
"1589991024","913931","46","15228","a"
"1589991564","150768","58","24320","erat"
"1589991286","988728","41","19714","scelerisque"
"1589991337","309544","59","50515","ut"
"1589991459","933816","47","49484","lobortis"
"1589991649","997351","20","10432","orci"
"1589991403","501275","27","37031","maecenas"
"1589991678","911815","3","18059","est"
"1589991572","126892","2","36851","hendrerit"
"1589991831","446031","25","24178","diam"
"1589991795","755470","93","25284","sed"
"1589991688","862209","94","21859","a"
"1589991109","729235","55","39717","non"
"1589991289","748855","38","43755","viverra"
"1589990958","857737","46","36758","venenatis"
"1589991341","673586","90","24118","primis"
"1589991142","856492","44","51048","enim"
"1589991087","102152","3","19829","bibendum"
"1589991106","335345","2","50331","phasellus"
"1589991140","867491","43","30275","vel"
"1589990914","850613","54","24460","justo"
"1589991700","544448","6","45854","lobortis"
"1589991031","900767","78","25058","adipiscing"
"1589991289","341688","66","13626","posuere"
"1589991057","564598","41","58395","libero"
"1589991243","629012","88","51074","pellentesque"
"1589991086","364471","22","45342","interdum"
"1589991038","333625","43","19604","nulla"
"1589991625","283603","70","39869","accumsan"
"1589991411","267331","24","30337","tristique"
"1589991259","846946","85","17254","vitae"
"1589990992","440291","41","30660","et"
"1589991800","471461","23","15642","rutrum"
"1589991549","629774","72","46972","nulla"
"1589991781","823074","55","21258","praesent"
"1589991081","365512","56","24872","natoque"
"1589991176","849025","61","44981","curabitur"
"1589991448","612887","44","56129","libero"
"1589991193","241294","97","20731","nisl"
"1589991644","155682","9","20714","eu"
"1589991260","726955","9","50324","primis"
"1589991496","629903","9","31730","rhoncus"
"1589991390","899793","84","56265","aenean"
"1589991587","323483","19","41754","turpis"
"1589991238","541617","13","19893","sit"
"1589991511","277885","76","21317","ligula"
"1589990981","326083","29","17048","venenatis"
"1589991613","533387","52","32262","donec"
"1589991560","783464","12","56391","leo"
"1589991281","717050","63","48798","adipiscing"
"1589991660","779356","58","25220","semper"
"1589991357","445483","66","41736","aliquam"
"1589991160","526587","25","28847","magna"
"1589991006","495066","53","54247","condimentum"
"1589991500","940684","35","23108","id"
"1589991250","838644","39","57885","et"
"1589991393","355468","24","50440","lorem"
"1589991884","739137","43","44689","cras"
"1589990947","579399","69","40552","tempus"
"1589991252","713202","47","13417","lorem"
"1589991286","583253","44","34412","in"
"1589990996","308971","11","40349","purus"
"1589991368","410808","58","13254","ipsum"
"1589991022","673751","36","20147","nulla"
"1589990918","260534","80","31326","id"
"1589991707","464548","7","44438","dui"
"1589991494","699784","46","13271","dapibus"
"1589991260","433248","52","46525","sociis"
"1589991532","568436","45","32503","dolor"
"1589991166","223548","17","42143","quis"
"1589991367","882274","17","57361","eget"
"1589991218","683389","49","21126","at"
"1589990998","810338","59","24233","quis"
"1589991183","783243","3","16162","ac"
"1589991528","679483","11","14882","eu"
"1589991220","653390","29","17683","venenatis"
"1589991882","411680","38","23900","metus"
"1589991526","724003","34","22171","sodales"
"1589991223","918216","62","52426","ultrices"
"1589991306","364147","64","36585","sit"
"1589991082","570570","89","24227","vehicula"
"1589991821","659847","91","39086","nunc"
"1589991803","221501","74","28248","parturient"
"1589991078","416334","90","51291","sit"
"1589991570","863558","1","38082","mauris"
"1589990917","421426","30","59906","vestibulum"
"1589991477","810883","27","10074","curabitur"
"1589991466","346200","7","38916","gravida"
"1589991287","894007","68","24968","nascetur"
"1589991579","211936","2","44964","a"
"1589991442","819584","89","20302","urna"
"1589991772","827051","36","56425","accumsan"
"1589991314","438555","28","36290","risus"
"1589991608","438751","56","11464","ultrices"
"1589991889","832307","50","33567","in"
"1589991512","183169","32","48911","ipsum"
"1589991678","604311","71","59920","turpis"
"1589991134","576514","96","39686","at"
"1589991259","608555","98","27065","commodo"
"1589990951","527283","97","47437","urna"
"1589991702","448882","93","34767","lorem"
"1589991142","164766","67","29338","leo"
"1589991224","374300","75","26428","dui"
"1589990931","385414","60","51215","sit"
"1589991046","603080","6","18905","lacus"
"1589991793","542219","85","12792","vel"
"1589991490","892950","91","10282","maecenas"
"1589991070","566491","26","48945","quisque"
"1589991217","955213","22","24690","dolor"
"1589991085","385859","80","11578","sem"
"1589991560","463885","72","16113","velit"
"1589991428","635645","88","34436","porttitor"
"1589991502","303861","64","16041","vel"
"1589991560","532168","25","41464","metus"
"1589990991","588753","96","31501","curabitur"
"1589991616","529156","13","30376","quis"
"1589991395","985194","96","31236","morbi"
"1589991413","557758","72","49422","mauris"
"1589991446","597130","59","30908","mauris"
"1589991241","136505","25","39446","id"
"1589991133","965804","37","16654","leo"
"1589991194","414828","59","45303","maecenas"
"1589991380","147306","89","36994","lacinia"
"1589991586","807745","38","13250","scelerisque"
"1589990967","591072","78","48412","rutrum"
"1589990901","993745","66","30605","luctus"
"1589991356","200243","88","24604","duis"
"1589991535","294509","47","20926","duis"
"1589991870","437711","16","45401","semper"
"1589991424","127773","43","36569","pellentesque"
"1589991279","494731","30","30047","mi"
"1589991328","562922","91","22440","rutrum"
"1589991043","659842","67","30072","metus"
"1589991870","605202","8","51997","luctus"
"1589991045","394420","56","29755","duis"
"1589991560","187529","26","33873","nisl"
"1589991678","856023","86","57024","egestas"
"1589991633","615267","88","40930","cum"
"1589991039","861494","27","30822","convallis"
"1589991415","769368","52","34299","et"
"1589991612","381612","68","17063","nisl"
"1589991544","214494","87","54865","sed"
"1589990964","947698","27","59231","ac"
"1589991350","973330","54","37139","justo"
"1589991783","304041","15","53300","in"
"1589991349","461123","17","42789","nulla"
"1589991869","155092","22","25144","montes"
"1589990968","586312","69","26112","amet"
"1589991323","687511","12","49205","et"
"1589991151","889088","95","20783","aliquet"
"1589991805","185585","11","23436","sit"
"1589991290","102103","17","48596","at"
"1589991317","795242","15","33075","donec"
"1589991844","485516","8","57317","id"
"1589991277","423036","21","44725","eu"
"1589991559","450967","33","26058","non"
"1589991398","139023","36","14656","etiam"
"1589991554","573605","4","51673","viverra"
"1589990907","367173","46","38497","consequat"
"1589991539","330530","99","50400","id"
"1589991715","785221","9","37434","aliquam"
"1589991633","984926","9","50586","ac"
"1589990955","513556","56","13768","vestibulum"
"1589991687","465257","36","18967","tortor"
"1589991678","524609","51","47633","amet"
"1589991740","238156","93","22110","ipsum"
"1589991367","386627","48","20880","imperdiet"
"1589991856","917913","94","56283","penatibus"
"1589991784","426303","95","51418","orci"
"1589991787","195808","62","32939","ultrices"
"1589991885","443398","45","53751","quisque"
"1589991794","180821","23","50045","mauris"
"1589991570","726573","40","10550","fusce"
"1589991089","629598","77","43645","dapibus"
"1589991713","141626","88","46757","et"
"1589990918","571928","32","40199","vehicula"
"1589991823","462827","7","34635","eu"
"1589990930","293158","7","47073","congue"
"1589990933","797919","98","19019","diam"
"1589991048","540321","96","26227","amet"
"1589991095","914774","97","57685","integer"
"1589991441","875528","81","37724","consequat"
"1589991856","913793","13","40975","vivamus"
"1589991888","351960","62","51248","augue"
"1589991764","370714","23","30732","vivamus"
"1589991120","505654","68","21832","in"
"1589991834","887289","21","29663","magna"
"1589991704","835974","56","27959","mauris"
"1589991673","229350","2","51464","et"
"1589991517","339064","8","37737","dolor"
"1589991826","907540","61","23014","odio"
"1589991649","282206","98","39129","eget"
"1589991684","465662","45","20540","ac"
"1589991501","215137","30","27463","luctus"
"1589991405","857468","80","48259","adipiscing"
"1589991111","431630","53","21121","nisi"
"1589990967","478031","92","23340","ac"
"1589991528","983744","18","21186","odio"
"1589991374","477473","77","32419","at"
"1589991868","788639","80","19261","mauris"
"1589991707","166702","52","30558","ultrices"
"1589991560","211734","85","41921","dolor"
"1589991428","189830","29","54283","amet"
"1589991450","380475","6","25122","nascetur"
"1589991226","446579","23","46156","imperdiet"
"1589990980","762027","53","23202","sed"
"1589990949","768245","98","10789","nec"
"1589991213","849789","79","20191","posuere"
"1589991299","248632","61","51134","varius"
"1589991310","541214","67","30330","sapien"
"1589991046","628649","24","36641","urna"
"1589991679","861898","4","20292","at"
"1589991537","824288","4","23633","tortor"
"1589991703","283468","2","33792","viverra"
"1589991170","537154","89","29938","amet"
"1589991100","298272","19","10261","pretium"
"1589991518","668182","64","36895","sapien"
"1589991252","190755","39","39034","tincidunt"
"1589991803","693764","5","53894","quam"
"1589991603","385960","20","45660","posuere"
"1589991780","356261","1","29977","ante"
"1589991506","453962","60","11072","pretium"
"1589991850","143538","68","59262","nunc"
"1589991025","620731","88","36736","semper"
"1589991354","957908","100","59072","massa"
"1589991075","386273","46","14705","vestibulum"
"1589991811","229577","95","35836","morbi"
"1589991275","384906","90","13883","sem"
"1589991058","608777","85","27698","nulla"
"1589991290","944430","75","22805","at"
"1589991302","627112","44","58823","neque"
"1589990966","810154","46","19197","sit"
"1589991569","817522","20","36633","aliquam"
"1589991761","345089","61","49700","sed"
"1589991659","565674","19","24718","neque"
"1589991006","190079","30","32717","varius"
"1589991302","505351","30","53236","justo"
"1589991013","412972","85","36072","posuere"
"1589991064","103258","30","27608","mauris"
"1589991134","532189","70","47662","primis"
"1589991706","350227","2","33770","suspendisse"
"1589991482","774072","33","33939","ligula"
"1589991016","674855","62","29873","consequat"
"1589991403","462245","34","30961","viverra"
"1589991775","983455","83","38649","ultrices"
"1589991003","365584","31","32567","molestie"
"1589991070","652472","89","28605","eleifend"
"1589991120","790638","33","13528","dolor"
"1589991827","663453","95","25949","a"
"1589991396","132260","72","51859","facilisi"
"1589991153","710003","8","56355","porta"
"1589991496","207413","13","44785","molestie"
"1589991051","460792","50","48384","ligula"
"1589991459","511096","8","53406","platea"
"1589991342","374819","24","20579","vestibulum"
"1589991685","592615","52","41074","ut"
"1589991776","459549","91","58836","ipsum"
"1589991687","984471","74","13925","velit"
"1589991283","923928","42","52653","sociis"
"1589990915","207570","19","20035","ligula"
"1589991222","985718","17","25273","metus"
"1589991065","838027","78","51519","rutrum"
"1589991198","438743","8","27619","nulla"
"1589991835","806336","9","45912","molestie"
"1589991484","475357","54","22379","leo"
"1589991486","808560","35","47549","vestibulum"
"1589991304","623807","98","12297","nunc"
"1589991817","212785","76","13853","curabitur"
"1589991469","235507","14","11573","odio"
"1589990981","317071","41","13013","vel"
"1589991639","504166","6","13979","vestibulum"
"1589991282","424360","87","20256","id"
"1589991409","138941","59","39504","faucibus"
"1589991148","466659","58","40569","justo"
"1589991029","349589","41","44331","faucibus"
"1589991414","199213","55","57057","penatibus"
"1589991830","337904","89","42829","nec"
"1589991839","243507","43","23568","lacus"
"1589991672","917762","16","57123","odio"
"1589991258","800461","93","11966","at"
"1589991012","537842","91","58309","dictumst"
"1589991630","831935","66","23058","curabitur"
"1589991354","525238","71","29010","posuere"
"1589991240","663403","4","43785","nullam"
"1589991626","380974","69","56448","donec"
"1589991826","381083","66","57736","duis"
"1589991414","431773","10","57237","ante"
"1589991388","361841","71","41063","nisi"
"1589991823","654026","69","36195","libero"
"1589991667","624161","24","14428","rhoncus"
"1589991252","942611","98","20235","posuere"
"1589991381","695382","46","26865","cras"
"1589991781","150845","32","32773","semper"
"1589991318","868053","88","48985","orci"
"1589991144","809829","47","39858","praesent"
"1589991179","286008","7","35918","id"
"1589990978","686896","23","28403","faucibus"
"1589991372","299247","95","25219","convallis"
"1589991728","269061","65","52566","quis"
"1589990983","259180","47","14713","suspendisse"
"1589991265","902951","96","22267","ut"
"1589991198","804947","78","57127","purus"
"1589991562","844355","13","13064","dictumst"
"1589991652","522812","75","19320","tellus"
"1589991509","712628","15","30933","dolor"
"1589991180","586650","99","39128","leo"
"1589991460","614011","97","24182","donec"
"1589991549","817375","20","51639","sollicitudin"
"1589991894","407028","10","33519","sagittis"
"1589991519","656693","59","32284","varius"
"1589991798","731245","66","50390","nam"
"1589991786","806779","74","36852","nisi"
"1589991032","524446","38","58026","congue"
"1589991750","222245","25","17855","curae"
"1589991754","587324","43","13408","leo"
"1589991740","483768","1","25032","sapien"
"1589991364","874309","43","43166","urna"
"1589991304","198841","22","19386","suspendisse"
"1589991498","292827","93","49401","nisi"
"1589991434","146464","75","14683","mi"
"1589991608","286744","17","17309","in"
"1589991704","491232","74","21606","nec"
"1589991632","580677","20","58163","mauris"
"1589991836","766595","47","24857","venenatis"
"1589991156","461927","61","11892","orci"
"1589991879","614785","15","11619","sed"
"1589991248","486481","32","10305","purus"
"1589991287","536160","86","48894","orci"
"1589991216","218824","9","11550","porttitor"
"1589991552","809539","44","40182","mi"
"1589991197","300874","43","31959","lectus"
"1589991019","226427","39","40230","vel"
"1589991718","916200","1","34624","sed"
"1589991490","491438","35","27478","pede"
"1589990941","943047","3","15024","curabitur"
"1589991200","905806","59","53992","eu"
"1589991189","869054","67","16082","morbi"
"1589991433","768811","27","58334","integer"
"1589991153","624568","48","46826","parturient"
"1589990977","235384","48","21594","ut"
"1589991352","525035","42","23442","semper"
"1589991234","517645","5","22376","non"
"1589991274","366800","9","27744","nisi"
"1589991867","593419","54","49658","lacinia"
"1589991218","321675","73","52696","porta"
"1589991660","230821","89","13836","sed"
"1589991474","803209","10","23817","ante"
"1589991718","460643","94","45649","quam"
"1589991743","409385","48","34565","rutrum"
"1589991788","372168","25","54521","volutpat"
"1589991597","501385","62","30642","nulla"
"1589991306","512340","21","47198","mollis"
"1589991218","261418","29","33862","ultrices"
"1589991561","700313","55","41353","ultrices"
"1589991879","294198","44","32451","libero"
"1589991733","826019","8","29223","mi"
"1589991121","909509","80","42865","felis"
"1589991425","837144","28","29809","id"
"1589991287","540181","23","11451","ultricies"
"1589991190","401509","99","33701","molestie"
"1589991501","555837","19","50397","nec"
"1589991879","112982","73","41079","diam"
"1589991865","276965","24","37797","dui"
"1589991806","759384","75","48684","pretium"
"1589991845","702352","46","38322","cum"
"1589991152","264294","8","40998","pretium"
"1589990925","283363","26","39487","sed"
"1589991635","723409","12","15920","sociis"
"1589991656","284377","26","32684","cubilia"
"1589991541","597686","55","55348","curae"
"1589991429","974368","66","51584","interdum"
"1589991240","696348","48","30430","magna"
"1589991759","170979","37","38561","dictumst"
"1589991034","394930","77","39008","risus"
"1589991224","310266","75","25631","consequat"
"1589991442","312120","51","13805","lectus"
"1589991348","966619","56","29342","pretium"
"1589990949","698673","62","25115","donec"
"1589991670","924233","13","58473","donec"
"1589991069","621152","74","16267","cubilia"
"1589990918","940220","76","49386","consectetuer"
"1589991751","408095","79","55442","dolor"
"1589991650","603817","20","20983","metus"
"1589990915","426969","28","44063","donec"
"1589991241","219440","50","38562","quis"
"1589991883","860982","91","25627","dapibus"
"1589991467","506131","48","33029","volutpat"
"1589991451","951254","45","46162","lobortis"
"1589991101","298995","8","34558","iaculis"
"1589991647","768584","16","10523","sed"
"1589991757","939103","78","17337","donec"
"1589991290","927988","24","16044","in"
"1589991531","463475","52","23992","diam"
"1589991472","532520","63","58473","morbi"
"1589991627","952802","37","50599","magna"
"1589991381","912817","8","53083","platea"
"1589991562","679187","57","43434","ultrices"
"1589991463","431637","13","27418","sem"
"1589991494","227638","15","29742","scelerisque"
"1589990920","642725","73","27409","nisl"
"1589991729","101036","17","53234","in"
"1589991585","130273","62","41901","platea"
"1589991076","890045","17","44009","luctus"
"1589991850","550112","43","12498","et"
"1589991500","914821","54","52143","nullam"
"1589990961","583632","70","55552","nisl"
"1589991056","188210","82","49204","turpis"
"1589991464","195577","69","29267","tincidunt"
"1589991377","696684","91","55579","vulputate"
"1589991523","465291","80","52880","vivamus"
"1589990920","902713","100","45903","dolor"
"1589991666","656737","30","34737","lectus"
"1589990925","220690","95","53248","nulla"
"1589991573","594924","36","29608","ac"
"1589990982","604171","35","49993","aliquam"
"1589991642","707055","30","41347","pharetra"
"1589991709","804132","75","45950","lobortis"
"1589991330","980049","68","27975","sagittis"
"1589991587","376610","18","15891","sapien"
"1589991511","503904","51","27668","ipsum"
"1589991750","922574","99","25963","ante"
"1589991052","153218","91","19493","in"
"1589991347","592575","90","29326","turpis"
"1589991588","986559","60","41827","rhoncus"
"1589991869","503049","48","40643","montes"
"1589991238","574064","41","18628","luctus"
"1589990976","692395","28","50577","parturient"
"1589991807","117274","38","48890","luctus"
"1589990957","538441","42","52242","volutpat"
"1589991366","933483","50","26219","tincidunt"
"1589991698","608809","27","38952","quisque"
"1589991667","429012","56","51786","nulla"
"1589990948","349797","87","50110","nascetur"
"1589991891","615056","99","56539","sit"
"1589991077","593318","91","51351","morbi"
"1589991841","390320","84","33742","erat"
"1589991640","362254","42","54680","elementum"
"1589991654","485145","70","19717","ultrices"
"1589991244","189267","53","59833","donec"
"1589991736","229116","8","27686","id"
"1589991646","135784","64","51523","luctus"
"1589991274","450622","25","43205","velit"
"1589991036","827376","91","23838","nulla"
"1589991612","841020","32","22095","mollis"
"1589991366","591696","42","45448","augue"
"1589990904","366392","32","19119","turpis"
"1589990971","402572","98","44927","pellentesque"
"1589991731","659942","97","12527","ultrices"
"1589991122","837576","59","21524","non"
"1589991277","646692","98","16843","pede"
"1589991373","494041","72","14071","sapien"
"1589991099","738014","88","29404","id"
"1589991126","772021","62","17202","hac"
"1589991177","160421","28","12682","nam"
"1589991861","355018","89","16440","turpis"
"1589991736","690935","49","21348","cras"
"1589991838","383175","29","50133","metus"
"1589991400","546676","37","26620","enim"
"1589991843","533803","16","46890","sapien"
"1589991891","254295","2","28669","quisque"
"1589991517","753632","11","28889","morbi"
"1589991738","223695","79","31809","donec"
"1589991439","530371","97","33944","amet"
"1589991586","871718","50","38452","odio"
"1589991864","657982","51","53746","adipiscing"
"1589991084","475970","12","12622","quis"
"1589991677","890840","54","40753","nulla"
"1589991128","764438","77","53427","ipsum"
"1589991666","713447","51","19104","tortor"
"1589991075","665642","16","45010","ultricies"
"1589991242","354591","65","16611","lacus"
"1589991044","430874","38","54134","dictumst"
"1589990964","941603","84","48277","luctus"
"1589990917","887038","97","55869","a"
"1589991503","568128","94","51621","feugiat"
"1589991537","562750","48","21090","orci"
"1589991881","343578","11","53061","eleifend"
"1589991758","332830","13","46500","proin"
"1589991168","608443","95","57527","purus"
"1589990935","684372","26","48841","in"
"1589991214","174801","32","27625","platea"
"1589990937","746838","58","33587","dapibus"
"1589991447","277681","15","10561","posuere"
"1589991223","346673","15","17918","pede"
"1589991341","413303","73","22729","aliquam"
"1589991540","479046","88","33153","fermentum"
"1589991807","225841","32","50529","consequat"
"1589991296","659404","16","53124","blandit"
"1589991440","418815","96","50515","euismod"
"1589991807","591214","61","41555","sapien"
"1589991723","868627","15","21596","sit"
"1589991834","433714","57","12852","quis"
"1589991778","461821","65","10187","vel"
"1589991169","911198","78","49256","neque"
"1589991353","857500","82","59780","augue"
"1589991115","195142","31","25762","in"
"1589991801","902218","76","35518","sem"
"1589991331","476004","55","52220","mi"
"1589991497","100725","40","38818","magnis"
"1589991332","931877","27","58906","sapien"
"1589991551","750134","93","45919","quam"
"1589991115","402739","1","25662","vel"
"1589991034","416729","70","11862","dictumst"
"1589991118","774022","18","33074","felis"
"1589991746","319191","4","15837","magnis"
"1589990962","301477","98","16663","consequat"
"1589991601","893110","9","10909","ultrices"
"1589991309","316500","10","27280","odio"
"1589991114","329610","97","26076","integer"
"1589991090","467723","25","24256","eget"
"1589991497","574442","36","24102","montes"
"1589991120","439361","69","25607","tellus"
"1589991344","626824","92","32537","morbi"
"1589991473","876361","25","32138","diam"
"1589991544","223903","36","31440","ut"
"1589991192","750256","91","55213","euismod"
"1589991815","109660","100","36157","id"
"1589991776","317117","65","55753","non"
"1589991708","812893","55","44361","consequat"
"1589991024","917075","32","38123","volutpat"
"1589991622","768926","35","30249","lectus"
"1589991513","637455","3","35218","mauris"
"1589990940","853523","22","37450","cubilia"
"1589991473","733092","94","21119","lorem"
"1589991520","669868","28","39720","est"
"1589991755","212611","44","30922","vitae"
"1589991396","538034","1","30358","libero"
"1589991685","359162","60","42490","pulvinar"
"1589990957","564999","54","24493","sapien"
"1589991406","314297","28","23159","elementum"
"1589991668","875705","96","16466","nunc"
"1589990994","688089","45","24156","venenatis"
"1589991615","495326","76","32048","quam"
"1589991024","286706","21","36232","arcu"
"1589991389","486683","45","25092","vestibulum"
"1589991548","729694","84","55027","id"
"1589990993","547975","33","12261","hac"
"1589991153","981727","16","28243","eros"
"1589991707","530531","36","36041","posuere"
"1589991458","869982","28","33401","iaculis"
"1589991845","180219","64","12553","luctus"
"1589991242","484418","4","41522","nunc"
"1589991238","994375","100","19170","interdum"
"1589991566","259142","61","17617","habitasse"
"1589991422","677792","44","33374","sed"
"1589991188","819378","51","51921","morbi"
"1589991352","351352","81","17612","elit"
"1589991218","865081","3","59223","pede"
"1589991419","451126","38","48980","sodales"
"1589991286","323327","23","57003","vitae"
"1589991822","312723","53","38613","ut"
"1589991651","623501","61","24213","sed"
"1589991827","925983","100","23193","ipsum"
"1589991244","800025","45","38290","nullam"
"1589991343","629065","31","38634","pretium"
"1589991311","983818","66","41847","ut"
"1589991501","134797","79","52950","blandit"
"1589991245","877436","36","44507","non"
"1589991894","557693","64","49410","ligula"
"1589991635","992664","56","33169","dapibus"
"1589991732","826723","47","32375","nisi"
"1589991890","512954","51","14113","cum"
"1589991355","835797","2","30600","duis"
"1589991215","735698","83","47880","pulvinar"
"1589991412","929409","39","59127","nunc"
"1589991842","369540","100","27847","ac"
"1589991067","735756","21","18290","odio"
"1589991800","852951","24","37235","ante"
"1589991227","328891","91","36633","volutpat"
"1589990951","203516","12","34932","a"
"1589991705","382908","23","35500","orci"
"1589991630","440043","64","36535","nulla"
"1589991859","713913","32","33090","pede"
"1589991055","231847","6","50637","ultrices"
"1589991815","678509","89","43880","pretium"
"1589991859","148033","1","53160","nibh"
"1589991413","795217","9","13564","nulla"
"1589991342","890006","63","41684","duis"
"1589991393","932735","58","29030","in"
"1589991676","122132","70","53322","vitae"
"1589991839","734044","53","26068","nibh"
"1589991082","795997","36","51995","nam"
"1589991278","529503","12","43360","vitae"
"1589991848","298500","96","44716","magna"
"1589991764","461614","7","49915","eleifend"
"1589990913","573046","63","47072","non"
"1589991061","633608","37","34391","nulla"
"1589991438","252298","72","54296","varius"
"1589991327","962231","80","12689","interdum"
"1589991738","843230","100","23339","amet"
"1589991665","684829","22","46518","leo"
"1589991491","161095","58","12757","consequat"
"1589991087","614503","50","39449","lacus"
"1589991610","562829","74","53463","eget"
"1589991210","354091","20","31267","hac"
"1589991167","196828","1","45205","habitasse"
"1589991255","876147","50","42037","nisi"
"1589991617","456754","62","36165","in"
"1589991685","127464","4","52601","justo"
"1589991664","177209","59","19730","risus"
"1589991679","537282","1","49510","sed"
"1589991165","446440","38","54458","libero"
"1589990998","772190","70","44771","id"
"1589991094","416398","25","33630","sit"
"1589991077","720856","3","51314","vestibulum"
"1589991276","192156","17","59883","in"
"1589991833","544186","7","51309","nisi"
"1589991229","189178","59","50974","turpis"
"1589991520","712893","1","33583","augue"
"1589991313","104433","71","14589","ipsum"
"1589991468","797074","42","32446","pulvinar"
"1589991025","664024","15","17194","nisi"
"1589991674","466652","91","39207","id"
"1589990957","770370","24","36577","id"
"1589991486","706073","56","49811","tortor"
"1589991481","463448","62","37163","vel"
"1589991746","220180","2","58330","habitasse"
"1589991396","413668","24","36316","lacinia"
"1589990979","221971","24","16414","primis"
"1589991142","614866","98","15285","curae"
"1589991662","386553","5","44809","blandit"
"1589991686","862623","40","15399","orci"
"1589991677","857426","47","24885","imperdiet"
"1589991083","224143","7","59303","nullam"
"1589991888","574417","48","18615","blandit"
"1589991440","958459","47","46759","ante"
"1589991554","500582","24","44323","odio"
"1589991800","420153","45","31211","at"
"1589991282","456376","82","16685","nisl"
"1589991309","855034","64","28951","nunc"
"1589990902","632105","35","59987","ligula"
"1589991143","284989","24","25691","vestibulum"
"1589991331","603547","14","12151","magna"
"1589991580","416373","28","51996","nibh"
"1589990954","552583","81","50443","amet"
"1589991252","330819","37","51734","cras"
"1589991238","641688","8","32199","vestibulum"
"1589991545","861948","36","16908","accumsan"
"1589991707","305729","55","14354","nascetur"
"1589991371","360099","95","43185","nulla"
"1589991461","109648","30","13977","ultrices"
"1589991160","575822","86","30680","at"
"